Pulau,Provinsi,JK,Ukuran,Warna
Sumatera,Aceh,Laki-laki,13520824,32.72
Sumatera,Aceh,Perempuan,6575526,32.72
Sumatera,Sumatera Utara,Laki-laki,36997361,34.99
Sumatera,Sumatera Utara,Perempuan,19912901,34.99
Sumatera,Sumatera Barat,Laki-laki,12523027,43.85
Sumatera,Sumatera Barat,Perempuan,9779781,43.85
Sumatera,Riau,Laki-laki,16253048,32.07
Sumatera,Riau,Perempuan,7673123,32.07
Sumatera,Jambi,Laki-laki,7225912,33.57
Sumatera,Jambi,Perempuan,3651571,33.57
Sumatera,Sumatera Selatan,Laki-laki,17510814,32.82
Sumatera,Sumatera Selatan,Perempuan,8554702,32.82
Sumatera,Bengkulu,Laki-laki,4671792,35.22
Sumatera,Bengkulu,Perempuan,2539989,35.22
Sumatera,Lampung,Laki-laki,17925969,33.83
Sumatera,Lampung,Perempuan,9164811,33.83
Sumatera,Kepulauan Bangka Belitung,Laki-laki,2941315,34.8
Sumatera,Kepulauan Bangka Belitung,Perempuan,1569904,34.8
Sumatera,Kepulauan Riau,Laki-laki,2794971,34.92
Sumatera,Kepulauan Riau,Perempuan,1499699,34.92
Jawa,DKI Jakarta,Laki-laki,61526738,38.1
Jawa,DKI Jakarta,Perempuan,37870254,38.1
Jawa,Jawa Barat,Laki-laki,143278792,32.34
Jawa,Jawa Barat,Perempuan,68484129,32.34
Jawa,Jawa Tengah,Laki-laki,87869305,39.92
Jawa,Jawa Tengah,Perempuan,58384532,39.92
Jawa,DI Yogyakarta,Laki-laki,25573487,37.0
Jawa,DI Yogyakarta,Perempuan,15019350,37.0
Jawa,Jawa Timur,Laki-laki,133641715,38.47
Jawa,Jawa Timur,Perempuan,83555937,38.47
Jawa,Banten,Laki-laki,42094324,32.71
Jawa,Banten,Perempuan,20462258,32.71
Bali & Nusa Tenggara,Bali,Laki-laki,18303346,31.23
Bali & Nusa Tenggara,Bali,Perempuan,8311960,31.23
Bali & Nusa Tenggara,Nusa Tenggara Barat,Laki-laki,10800731,27.26
Bali & Nusa Tenggara,Nusa Tenggara Barat,Perempuan,4047676,27.26
Bali & Nusa Tenggara,Nusa Tenggara Timur,Laki-laki,6986935,32.83
Bali & Nusa Tenggara,Nusa Tenggara Timur,Perempuan,3414934,32.83
Kalimantan,Kalimantan Barat,Laki-laki,9068262,31.26
Kalimantan,Kalimantan Barat,Perempuan,4123856,31.26
Kalimantan,Kalimantan Tengah,Laki-laki,7499836,33.62
Kalimantan,Kalimantan Tengah,Perempuan,3798501,33.62
Kalimantan,Kalimantan Selatan,Laki-laki,12172940,35.99
Kalimantan,Kalimantan Selatan,Perempuan,6844307,35.99
Kalimantan,Kalimantan Timur,Laki-laki,9836617,37.28
Kalimantan,Kalimantan Timur,Perempuan,5846764,37.28
Kalimantan,Kalimantan Utara,Laki-laki,1067922,37.13
Kalimantan,Kalimantan Utara,Perempuan,630698,37.13
Sulawesi,Sulawesi Utara,Laki-laki,8184871,43.7
Sulawesi,Sulawesi Utara,Perempuan,6353088,43.7
Sulawesi,Sulawesi Tengah,Laki-laki,7955873,31.25
Sulawesi,Sulawesi Tengah,Perempuan,3616306,31.25
Sulawesi,Sulawesi Selatan,Laki-laki,25837192,39.25
Sulawesi,Sulawesi Selatan,Perempuan,16693166,39.25
Sulawesi,Sulawesi Tenggara,Laki-laki,8961753,32.48
Sulawesi,Sulawesi Tenggara,Perempuan,4310985,32.48
Sulawesi,Gorontalo,Laki-laki,3330338,36.93
Sulawesi,Gorontalo,Perempuan,1950045,36.93
Sulawesi,Sulawesi Barat,Laki-laki,2994402,35.34
Sulawesi,Sulawesi Barat,Perempuan,1636594,35.34
Maluku,Maluku,Laki-laki,2078135,42.35
Maluku,Maluku,Perempuan,1526609,42.35
Maluku,Maluku Utara,Laki-laki,2115890,40.09
Maluku,Maluku Utara,Perempuan,1415891,40.09
Papua,Papua Barat,Laki-laki,467281,48.11
Papua,Papua Barat,Perempuan,433241,48.11
Papua,Papua Barat Daya,Laki-laki,928884,45.02
Papua,Papua Barat Daya,Perempuan,760611,45.02
Papua,Papua,Laki-laki,1752649,38.62
Papua,Papua,Perempuan,1102758,38.62
Papua,Papua Selatan,Laki-laki,279307,26.47
Papua,Papua Selatan,Perempuan,100547,26.47
Papua,Papua Tengah,Laki-laki,647135,28.5
Papua,Papua Tengah,Perempuan,257949,28.5
Papua,Papua Pegunungan,Laki-laki,658097,21.46
Papua,Papua Pegunungan,Perempuan,179816,21.46
